dialogue,anger,disgust,fear,joy,neutral,sadness,surprise,loudness
Did you see that incredible sunset last night?,0.008114766,0.002938331,0.013041529,0.019794453,0.12995179,0.005857061,0.820302069,
"Wow, this party is amazing!",0.003821802,0.002154925,0.002882178,0.032708723,0.010732159,0.002090522,0.945609748,
You got the job? Seriously?,0.102502994,0.032573797,0.003627548,0.014145731,0.021263935,0.004801091,0.821084917,
You're telling me this is the best pizza in town?,0.056410823,0.024431726,0.005413129,0.046955779,0.162661165,0.006859961,0.697267413,
What on earth is happening right now?,0.140471429,0.159820855,0.017604889,0.002607094,0.161032796,0.014748136,0.5037148,
I can't believe we're going on a road trip!,0.017842205,0.00642256,0.006396297,0.004854419,0.004041921,0.003148932,0.95729363,
"Haha, that joke cracked me up!",0.008166239,0.004189916,0.000572665,0.93103379,0.034890607,0.003380825,0.017765893,
"Oh, great idea. What could possibly go wrong?",0.083393477,0.0177777,0.039781429,0.023000009,0.022160698,0.006946402,0.806940258,
Why does this always happen to me?,0.168957099,0.039053865,0.052139331,0.0018398,0.066497557,0.014990893,0.65652144,
I wonder what's inside this mysterious package.,0.004657623,0.004036764,0.007199844,0.001821574,0.010643228,0.001745289,0.969895661,
I got tickets to the concert! Can you believe it?,0.020854298,0.003132946,0.001834507,0.018398188,0.007136709,0.003480874,0.945162475,
Thanks a million for helping me out!,0.015695922,0.002058868,0.001391464,0.808932245,0.03884913,0.006653723,0.126418605,
Did you hear that noise? What was it?,0.026658127,0.021210965,0.036193006,0.003564631,0.047755849,0.006590987,0.858026445,
This project is going to be fantastic!,0.003122688,0.001190561,0.00160747,0.959185898,0.017251676,0.00118257,0.016459269,
I thought they would do better than this.,0.025214396,0.025992231,0.004015174,0.012603865,0.807653069,0.00894439,0.11557693,
I can't believe you said that! How dare you?,0.96515286,0.0084397,0.012795394,0.001020986,0.002041375,0.00203461,0.008514999,
I shouldn't have said those things. I messed up.,0.503515363,0.276245803,0.017772723,0.004241711,0.083198436,0.099372089,0.015653972,
I aced the exam! Hard work pays off.,0.150360152,0.03058112,0.008025764,0.350600243,0.086685359,0.024531331,0.349216074,
I hope everything will turn out okay in the end.,0.006583678,0.005649179,0.003654212,0.594653904,0.363527685,0.018112646,0.007818725,
I just read the most inspiring book!,0.005904713,0.003394837,0.002172993,0.815200984,0.040528025,0.002580615,0.13021788,
This food tastes awful. I can't eat it.,0.003790301,0.968305409,0.013552356,0.000387935,0.004431608,0.00811101,0.001421304,
I can't wait to see what the future holds.,0.001721575,0.001259115,0.002339458,0.966102958,0.021510677,0.003555406,0.003510889,
"After all I did for them, they just walked away.",0.074863747,0.082972161,0.002667816,0.00476561,0.814183772,0.007550978,0.012995888,
Remember the good old days? Those were the best.,0.015210202,0.017318012,0.00306735,0.129522696,0.792746425,0.010572482,0.031562742,
I'm trying to figure out why this doesn't make sense.,0.17921719,0.26871562,0.036840383,0.003574675,0.340930253,0.12159808,0.049123734,
I finally finished that difficult task. Phew!,0.034674093,0.041175917,0.003020833,0.492250621,0.111721948,0.16254741,0.154609203,
I'm so sorry to hear about your loss. My condolences.,0.001075852,0.004302812,0.003134288,0.001660176,0.011098944,0.973785698,0.004942142,
I will not give up. I'll keep pushing forward.,0.252196997,0.048772756,0.038484391,0.113042131,0.362154126,0.183555126,0.001794403,
If only I had listened to my instincts.,0.042891495,0.037586894,0.478301138,0.005258225,0.386613399,0.04492889,0.004419948,
Why is the line moving so slowly?,0.025506537,0.020706225,0.022171492,0.00097884,0.203787416,0.006222322,0.720627189,
You actually enjoy doing laundry? Seriously?,0.076378964,0.018625626,0.00204419,0.258996427,0.091484427,0.005377157,0.547093213,
I can't believe this is happening. It's shocking.,0.00494935,0.008411584,0.039177179,0.002033526,0.005579612,0.00245665,0.937392175,
Nothing ever goes the way I want it to.,0.06245489,0.023363296,0.011626715,0.017532524,0.82523483,0.040810391,0.018977404,
This is the happiest day of my life!,0.001273665,0.00088391,0.000241298,0.989331603,0.002880318,0.001648813,0.003740484,
"Oh, wonderful. Another Monday morning.",0.001134277,0.001651497,0.002086649,0.879165053,0.041595899,0.011541526,0.062825009,
I hope things get better soon.,0.00586454,0.007362446,0.004760144,0.15273115,0.650625229,0.163543344,0.015113129,
I thought they would keep their promise.,0.02712678,0.021532681,0.004101656,0.034396164,0.847728908,0.00677917,0.058334619,
Why does technology always fail when you need it most?,0.222060338,0.109015748,0.053189602,0.001831777,0.329431146,0.121686824,0.162784532,
I'm so mad right now. I can't even explain it.,0.831688046,0.057611573,0.01424039,0.004816125,0.033386841,0.037186254,0.021070693,
This won't end well. I'm not optimistic.,0.006041185,0.013401561,0.04420406,0.009162584,0.117195122,0.803039253,0.006956287,
I hope things turn around for you soon. Hang in there.,0.008949279,0.005785218,0.003485832,0.159867361,0.786971211,0.021850321,0.013090843,
"After everything I did for them, they betrayed me.",0.78168565,0.156772271,0.009079446,0.001633141,0.017165503,0.032940608,0.000723512,
Looking at old photos brings back so many memories.,0.002422184,0.011680477,0.002034024,0.234745651,0.683521867,0.035780706,0.029815143,
Why is this taking so long? I'm getting impatient.,0.598856628,0.04620979,0.006102104,0.001724347,0.199201569,0.023688074,0.124217562,
I find it hard to believe that's the whole story.,0.024119372,0.033324189,0.009415936,0.002703952,0.026685996,0.004992841,0.898757696,
I can't contain my excitement! This is amazing news!,0.007683715,0.000822396,0.006263997,0.770117164,0.010641718,0.004289817,0.200181335,
I can't figure this out. It's so frustrating!,0.162845448,0.094391905,0.014221818,0.004124582,0.035190612,0.610713124,0.07851252,
This news fills my heart with joy. I'm so happy for you!,0.000924711,0.000428063,0.000324399,0.987769961,0.001841423,0.002330063,0.006381471,
"I thought they would come through, but they didn't.",0.047487602,0.025624549,0.014491442,0.003429938,0.054976523,0.267380536,0.586609364,
That noise is driving me crazy. Can you please stop?,0.27132073,0.035213966,0.569852948,0.003765224,0.039001886,0.034747314,0.04609789,
I'm truly amazed at what you've accomplished. Wow!,0.004392936,0.002464851,0.001607255,0.002202626,0.008045007,0.001294107,0.979993284,
I can't believe they said that. Are they serious?,0.037036736,0.022791672,0.012281807,0.002617636,0.012088778,0.014747131,0.898436308,
I feel on top of the world right now. This is incredible!,0.015086304,0.004989237,0.01195955,0.38593328,0.061495889,0.003604608,0.516931176,
I'm furious about what happened. It's just not fair!,0.979532421,0.004351653,0.003232002,0.000734254,0.005850067,0.002622316,0.003677343,
Have you ever seen anything so breathtaking?,0.016300797,0.01189172,0.061368357,0.021399656,0.072481938,0.006012346,0.810545146,
I shouldn't have said those things. I really messed up.,0.492713839,0.316458106,0.017594442,0.004008842,0.063969359,0.082020402,0.023235034,
I won't let anything stand in my way. I'm determined!,0.118323766,0.003596621,0.022177627,0.817392051,0.029144935,0.006442636,0.002922331,
I'm here for you. Let me know if there's anything I can do.,0.008979673,0.00395442,0.008740945,0.043263555,0.909531891,0.012797471,0.012732052,
Have you ever seen anything so beautiful?,0.008001314,0.024184525,0.015827002,0.050086014,0.282804281,0.007348787,0.61174804,
You expect me to believe that? Seriously?,0.052440483,0.015245616,0.003152574,0.005775427,0.019143704,0.002227396,0.902014852,
I can't believe you pulled off that surprise. Amazing!,0.005580733,0.00139555,0.001826447,0.01330519,0.006216899,0.001456627,0.970218599,
I can't stop smiling. This is the best day ever!,0.002959953,0.001011796,0.000239943,0.973711252,0.006533426,0.002794951,0.012748709,
That joke was hilarious. I can't stop laughing!,0.018414343,0.011309336,0.001432327,0.895834923,0.030067161,0.00412083,0.038821034,
Could you please stop doing that? It's really irritating.,0.631983042,0.266001821,0.009272232,0.001926998,0.048338003,0.02867849,0.013799375,
I just read the most inspiring quote. It hit me hard.,0.05231376,0.040680125,0.011727189,0.048549797,0.233931273,0.151370659,0.461427182,
I'm in total shock. I never saw that coming.,0.004373237,0.002350932,0.009493838,0.002198142,0.005578378,0.00135043,0.974654973,
I have a feeling this won't end well. I'm not optimistic.,0.004121269,0.008309011,0.010384492,0.02086594,0.096958376,0.855232894,0.004127991,
I'm holding onto hope that things will get better.,0.017079921,0.017288906,0.015865043,0.200070217,0.620405316,0.126933008,0.002357538,
I can't make sense of this. It's like a puzzle.,0.100607581,0.422438681,0.053088833,0.002290667,0.175000384,0.027418125,0.219155803,
I'm astonished by how incredible this is. Unbelievable!,0.006407296,0.003421314,0.004071903,0.00170962,0.008010496,0.001282486,0.975096822,
I'm confused about what just happened. Can you explain?,0.027819019,0.019358942,0.027363341,0.002447139,0.073372193,0.008138799,0.84150058,
I'm filled with anticipation for what's to come.,0.006688735,0.001544022,0.130303249,0.756406605,0.076327376,0.009607248,0.019122791,
I feel inspired to create something amazing. Let's do it!,0.00512753,0.001120957,0.005888045,0.872045994,0.01307497,0.001503289,0.101239152,
I'm skeptical about their intentions. Something's off.,0.004793609,0.005390442,0.897002637,0.002656016,0.063158609,0.003109081,0.023889607,
That was the funniest thing I've heard all day. Haha!,0.002607046,0.006174555,0.000505409,0.952619553,0.024468686,0.001811884,0.011812853,
I'm filled with glee over this fantastic news!,0.001049827,0.000652211,0.000305821,0.99351126,0.001300451,0.0009437,0.002236802,
I didn't see that coming! It took me by surprise.,0.0073534,0.002014839,0.004589272,0.004253433,0.005025143,0.001206328,0.975557566,
This is so disgusting. I can't even look at it.,0.00389824,0.988422334,0.002470314,0.000308879,0.002428936,0.001766898,0.000704544,
Thinking about the past brings back so many memories.,0.002547391,0.007775506,0.0059117,0.650877774,0.127960727,0.166273445,0.038653541,
I feel a sense of relief now that it's over. Thank goodness!,0.000950743,0.001339213,0.000402806,0.989478171,0.003197008,0.003160565,0.001471359,
I'm so sorry you're going through this. I'm here for you.,0.012080546,0.036709882,0.008885581,0.005546872,0.037756085,0.83146292,0.067558147,
I can't believe you pulled that off. It's unbelievable!,0.00968417,0.003773496,0.003223196,0.005805459,0.006358582,0.001628206,0.969526827,
How's it going?,0.041595388,0.0164403,0.014664487,0.004534051,0.516546965,0.019266116,0.386952698,
"Wow, that's incredible!",0.005813983,0.004274376,0.004584105,0.015258442,0.011424193,0.002213335,0.956431568,
Have you ever been to Paris?,0.007844786,0.005834273,0.009074849,0.015362323,0.569000125,0.009602907,0.383280784,
"No way, that's unbelievable!",0.013776153,0.011636024,0.004294604,0.005429133,0.010020774,0.001918326,0.952924967,
What do you think about the new movie?,0.055941731,0.04354712,0.019000521,0.04729794,0.733434677,0.009680886,0.091097124,
I can't believe it's already Friday!,0.008230303,0.002920418,0.002501284,0.002910796,0.00395307,0.003595582,0.97588855,
Why did you choose that career path?,0.038567364,0.009793026,0.042618643,0.004481392,0.654763103,0.012361806,0.237414747,
"Oh, I forgot to mention!",0.032275435,0.068087533,0.007866818,0.012235072,0.098912835,0.138262823,0.642359436,
Did you hear about the latest news?,0.00896656,0.005647871,0.005157828,0.025478389,0.488374799,0.00857319,0.457801402,
This pizza is amazing!,0.004553305,0.005830263,0.003699847,0.72466886,0.14151524,0.004133285,0.115599222,
What's your favorite book?,0.01965045,0.010399949,0.004401513,0.11281611,0.566187263,0.004753128,0.281791627,
I can't wait for the weekend!,0.001565118,0.000417977,0.001234043,0.972916543,0.008281955,0.0034091,0.012175149,
"Seriously? You're joking, right?",0.191588312,0.061964992,0.005298568,0.066769607,0.104171261,0.006480894,0.563726366,
How was your day?,0.006790884,0.004484038,0.009027382,0.007035976,0.542645514,0.035412528,0.39460364,
I'm so excited for the concert!,0.002682473,0.00042262,0.002014294,0.918969154,0.009662305,0.002188258,0.064060941,
Where did you get that idea?,0.078111902,0.01995093,0.007054593,0.007505777,0.14789106,0.00800201,0.731483757,
I'm really proud of your achievements.,0.005607833,0.010088566,0.001652956,0.895272434,0.064816743,0.002946535,0.019614875,
That's a great point you made.,0.006707707,0.006181126,0.001091825,0.680613279,0.275239468,0.003645593,0.026520962,
Why did you decide to learn to play the guitar?,0.039077353,0.010422651,0.063944839,0.009472585,0.564054489,0.013581241,0.299446791,
I just finished a great book.,0.001884321,0.001625778,0.000726327,0.905311108,0.068355881,0.004705665,0.017390897,
You won't believe what happened to me today!,0.368865311,0.070098773,0.03625964,0.00926639,0.015006858,0.015756115,0.484746903,
Any plans for the holidays?,0.010096001,0.006797386,0.009118211,0.038659398,0.602071226,0.181492344,0.151765347,
I can't wrap my head around this concept.,0.039054248,0.068783104,0.037297193,0.004891328,0.456106722,0.043837778,0.350029647,
I'm so happy for you!,0.001921784,0.000486905,0.000492174,0.942298174,0.003797843,0.003470613,0.047532622,
What's your favorite type of music?,0.01674193,0.012275231,0.004243206,0.043618865,0.73859489,0.004262593,0.180263281,
I have a question for you.,0.016699789,0.00802215,0.0049775,0.011956708,0.904038668,0.007437823,0.046867389,
That's a fantastic achievement!,0.006173698,0.002822216,0.002263348,0.884948015,0.036780983,0.002097112,0.064914577,
How do you stay motivated?,0.048445102,0.012321416,0.031243043,0.002600675,0.803940892,0.037392765,0.064056039,
"Oh, I see what you mean.",0.070413157,0.077882171,0.00842819,0.026408402,0.038026422,0.006936226,0.771905422,
I never thought of it that way.,0.023365865,0.028923348,0.009614081,0.004262969,0.052461136,0.004330995,0.877041578,
What's the best advice you've ever received?,0.012974928,0.003942864,0.003968499,0.028362358,0.35233593,0.003278919,0.595136464,
I'm feeling a bit overwhelmed.,0.007766251,0.002311456,0.142597347,0.002886329,0.004617891,0.0023333,0.8374874,
What's the most challenging part of your job?,0.022173621,0.017984852,0.151111186,0.027178081,0.489621341,0.009070086,0.282860845,
"You're kidding me, right?",0.418122381,0.216632679,0.010756884,0.026084071,0.056616243,0.02256451,0.249223188,
I can't believe I finally did it!,0.015131856,0.002107386,0.002355623,0.037337553,0.006447864,0.00275098,0.933868766,
Where did you learn to cook like that?,0.013517437,0.008038725,0.006001193,0.003711539,0.828693211,0.004396114,0.135641769,
What's the secret to your success?,0.030069733,0.006410618,0.019861607,0.009285082,0.699957013,0.004082953,0.230332956,
I'm so impressed with your skills.,0.005694131,0.008192951,0.001909656,0.0026077,0.027996706,0.001982196,0.951616645,
Why did you move to a different city?,0.02668665,0.008469776,0.028136685,0.001974306,0.230136663,0.012180612,0.692415297,
That's a brilliant idea!,0.020679407,0.005079922,0.004395246,0.646526456,0.047933735,0.00273109,0.272654086,
"Can you pass me the salt, please?",0.280264616,0.247665837,0.167295501,0.003390387,0.234104618,0.050953615,0.016325379,
What's the weirdest dream you've ever had?,0.019464927,0.366978168,0.107241273,0.010100213,0.06109396,0.007436223,0.427685231,
"No way, I didn't know that!",0.07147903,0.064318411,0.009455028,0.00560983,0.017301694,0.007577187,0.824258804,
What's your favorite way to relax?,0.01324991,0.007078153,0.002537279,0.167499408,0.751049221,0.010589567,0.047996469,
I need your opinion on something.,0.05321411,0.029574033,0.009749819,0.007559901,0.871327162,0.017884389,0.010690597,
I'm so glad we finally met!,0.001476659,0.000578807,0.000458787,0.962073684,0.005802353,0.002828136,0.026781609,
How do you deal with stress?,0.129805699,0.047945488,0.16893436,0.003511245,0.467790544,0.130650088,0.051362507,
I can't believe I forgot about the meeting!,0.029648323,0.01031518,0.007275407,0.005530769,0.008835115,0.009087782,0.929307401,
You're absolutely right.,0.095127113,0.048143409,0.003179182,0.016830441,0.82363236,0.004991078,0.00809641,
What's the most interesting place you've visited?,0.004386223,0.002941397,0.005832463,0.041750949,0.184150949,0.002275897,0.758662164,
I need help with this math problem.,0.028415518,0.045302004,0.08052709,0.004367147,0.191527471,0.638688982,0.011171731,
That's a crazy story!,0.151111558,0.078727357,0.009368507,0.063723288,0.054385461,0.006204939,0.636478841,
What's your go-to karaoke song?,0.017890634,0.003958731,0.008851866,0.095887721,0.596390903,0.004173154,0.272847027,
I can't believe it's snowing already!,0.016946845,0.008141064,0.005924559,0.002247598,0.005194916,0.008599758,0.952945232,
How did you come up with that idea?,0.036777973,0.006654717,0.009051191,0.006560838,0.194197938,0.004789379,0.741967976,
I'm so excited for the weekend!,0.002893951,0.000477337,0.001538897,0.929179668,0.012671839,0.001977151,0.051261142,
What's the best movie you've seen recently?,0.006489926,0.003013209,0.003442141,0.058430962,0.208181873,0.002965607,0.717476308,
This is a game-changer!,0.066027083,0.011087401,0.012309619,0.325571626,0.125727102,0.004622432,0.454654723,
Where did you find that antique?,0.011061875,0.007481743,0.002829791,0.002853296,0.65717423,0.005945731,0.312653333,
I can't wait to see the finished project.,0.001100258,0.000721525,0.000618793,0.982864738,0.006549645,0.002459513,0.005685469,
What's your favorite childhood memory?,0.017785456,0.0107111,0.004815977,0.028381571,0.711330473,0.003387949,0.223587453,
You've got to be kidding me!,0.402973145,0.168440998,0.00746275,0.024140809,0.037509445,0.024629593,0.334843248,
What's your favorite type of cuisine?,0.007997701,0.009691821,0.002513041,0.027025426,0.895874798,0.002431917,0.05446526,
I'm so proud of your accomplishments.,0.014137543,0.030281248,0.003033697,0.647337437,0.245937973,0.004739223,0.054532878,
Can you believe it's been a year already?,0.010708659,0.005074151,0.002211786,0.002489929,0.012786796,0.002781567,0.963947117,
How did you overcome that obstacle?,0.027072823,0.005443607,0.149842173,0.005623262,0.309890747,0.013115033,0.489012301,
"No way, I never knew that!",0.114150696,0.108059347,0.018901983,0.007259217,0.020674275,0.008485003,0.722469509,
I can't believe I did that.,0.025473256,0.014729741,0.006721656,0.003234501,0.00691821,0.004569447,0.938353181,
What's the most challenging part of your workout routine?,0.014883128,0.012771411,0.040291876,0.039110515,0.480756521,0.006155949,0.406030595,
That's an interesting perspective.,0.004576893,0.012713155,0.00470858,0.126539692,0.645304441,0.005143118,0.201014072,
I'm so grateful for your help.,0.004729221,0.001338486,0.001150943,0.899927914,0.021185167,0.005837161,0.065831102,
Why did you decide to start a blog?,0.06718538,0.006478601,0.082509212,0.037290994,0.341924578,0.014079292,0.45053187,
I'm feeling a bit under the weather.,0.005093522,0.015665822,0.086155273,0.01000101,0.013156125,0.868664265,0.001264012,
What's your favorite hobby?,0.020963993,0.011706759,0.004294657,0.04395923,0.785810411,0.004825505,0.128439397,
You're a lifesaver!,0.08079277,0.019041723,0.006491572,0.455877542,0.17322135,0.00432089,0.260254115,
How did you learn to speak another language?,0.016561413,0.013700276,0.018300992,0.00276409,0.585707545,0.005948503,0.35701713,
I can't believe I ate the whole thing!,0.049635679,0.037265588,0.00776116,0.006644968,0.006519059,0.005495274,0.886678278,
What's your favorite season?,0.022032997,0.01119409,0.002962781,0.100168757,0.639304101,0.005229186,0.21910806,
This is a real game-changer!,0.046051893,0.00617955,0.011913437,0.428827822,0.130903482,0.003337154,0.372786611,
I can't believe it's already dark outside.,0.011858968,0.020956045,0.026701132,0.001637928,0.014338763,0.013336174,0.911170959,
What's the most adventurous thing you've ever done?,0.010255679,0.00666702,0.011253583,0.021435544,0.495554388,0.003148153,0.451685607,
That's a tough situation to be in.,0.017601902,0.12484777,0.145019352,0.007074404,0.621860504,0.061334159,0.022261929,
Why did you choose that color?,0.07109721,0.020169068,0.011710983,0.002435646,0.348896503,0.005676842,0.540013731,
I can't believe I forgot to call you back!,0.029567098,0.011478387,0.006303864,0.004479158,0.010048905,0.019297456,0.91882515,
What's your favorite type of dessert?,0.014027123,0.019889371,0.001843267,0.045462728,0.85159868,0.003607196,0.063571677,
You're absolutely right about that.,0.075937241,0.054139055,0.002957987,0.010682349,0.844908893,0.00334169,0.008032665,
How do you handle criticism?,0.245182261,0.143732563,0.033420365,0.001696425,0.52664119,0.014447146,0.034880102,
I'm so excited for the holidays!,0.002670352,0.000447844,0.001038266,0.940175235,0.010224502,0.002397415,0.04304637,
I can't believe I lost my keys again.,0.034023043,0.014458857,0.038313732,0.003003547,0.010919553,0.148805678,0.750475645,
What's your dream vacation destination?,0.021547912,0.003533742,0.019926511,0.027996844,0.500098407,0.006364862,0.42053169,
That's a great achievement!,0.006297063,0.002611545,0.001061319,0.904801488,0.032643121,0.002095451,0.050490141,
I'm so sorry to hear that.,0.001407493,0.006783249,0.003090827,0.001527324,0.012307436,0.967304647,0.007579113,
What's the best concert you've ever been to?,0.004869067,0.001661769,0.003077307,0.109232485,0.058964901,0.003383834,0.818810582,
You're making a big difference!,0.473526537,0.091543555,0.005704428,0.064725652,0.063318036,0.004817083,0.296364695,
How did you come up with that solution?,0.036311354,0.007338539,0.0108981,0.003200753,0.211160764,0.006873405,0.724217117,
I can't believe I missed the bus!,0.040552635,0.009831587,0.023833713,0.00371963,0.007498929,0.049904179,0.864659309,
What's the most challenging book you've ever read?,0.005603147,0.002891166,0.00944596,0.020103894,0.077333599,0.001414093,0.883208156,
I'm so impressed with your talent.,0.005209722,0.006864766,0.001977443,0.002229873,0.019017665,0.001803615,0.962896943,
I can't believe I met my favorite celebrity!,0.008060526,0.001645645,0.004081854,0.033383582,0.003681049,0.001690241,0.947457075,
Where did you find such a unique gift?,0.007260509,0.002268796,0.002379384,0.005845417,0.148513064,0.002153949,0.83157891,
What's your favorite board game?,0.021059282,0.010641926,0.004287859,0.119954005,0.625186086,0.004874018,0.213996813,
You're really good at this!,0.058041286,0.017113261,0.003580291,0.553533554,0.180128694,0.00786744,0.179735482,
I'm so excited to try this new recipe.,0.001144806,0.000498652,0.000956941,0.970718086,0.007872004,0.001473643,0.017335825,
How did you learn to play the piano?,0.011967679,0.010025365,0.02945889,0.006518785,0.608263493,0.010409645,0.323356181,
I can't believe I finished the marathon!,0.012372358,0.001677189,0.003094194,0.024619056,0.003786209,0.003940291,0.95051074,
What's the most important lesson you've learned in life?,0.02134577,0.008883414,0.011782587,0.016683621,0.766868412,0.003685448,0.170750767,
I'm so proud of your perseverance.,0.019920517,0.033728935,0.003958756,0.495856166,0.376672417,0.005287271,0.064575963,
You're absolutely crushing it!,0.444128931,0.308911979,0.01460743,0.005116677,0.015563426,0.012439908,0.19923158,
I can't believe I made it to the top.,0.008144595,0.002101997,0.003184887,0.005530805,0.004006227,0.002170724,0.974860787,
What's your favorite type of art?,0.016637687,0.012470464,0.003646963,0.032633122,0.80384177,0.002863759,0.127906278,
How do you stay so positive?,0.034018748,0.020385064,0.012191528,0.003862628,0.665823102,0.009324535,0.254394382,
I'm so glad we finally caught up.,0.00125912,0.00066274,0.00031849,0.970603108,0.006828101,0.003440458,0.016887911,
I can't believe I forgot your birthday!,0.03593928,0.012096727,0.004420404,0.005718077,0.008759514,0.013440802,0.919625223,
What's the most challenging hike you've ever done?,0.009057443,0.004926055,0.019446075,0.016623329,0.15768747,0.003200717,0.789058924,
I'm so grateful for your support.,0.005235185,0.00142758,0.001064306,0.896950185,0.019648381,0.005413766,0.070260562,
Why did you decide to start a podcast?,0.06053257,0.00897326,0.073861025,0.02754201,0.452187598,0.009157191,0.367746323,
You're really making a difference!,0.180302769,0.027503226,0.005323455,0.250838399,0.091210574,0.005032427,0.439789206,
I can't believe I aced that exam!,0.05915596,0.014262582,0.017177667,0.008876407,0.007915587,0.012717891,0.879893959,
What's the most surprising fact you know?,0.003907116,0.001785534,0.001944195,0.004169334,0.008384267,0.000813587,0.978995919,
I'm so excited to see you again.,0.001351568,0.000512052,0.001213078,0.944068134,0.012503649,0.002420929,0.037930738,
How did you learn to code?,0.026919903,0.011624672,0.023733595,0.004431867,0.69556433,0.005760445,0.23196514,
I can't believe I survived that experience!,0.012635442,0.001811447,0.004482682,0.059468567,0.006756377,0.002979717,0.911865771,
What's your favorite type of coffee?,0.012533689,0.012311585,0.003113221,0.024570163,0.862548351,0.003525191,0.081397779,
I'm so proud of your achievements.,0.010738977,0.023134504,0.003081948,0.773257613,0.146471381,0.004329391,0.038986169,
Why did you choose that university?,0.057387721,0.009403172,0.038851492,0.006141288,0.423610002,0.00756332,0.457042992,
I can't believe I broke my phone.,0.088955499,0.01794059,0.066369303,0.004629936,0.008932021,0.043735899,0.769436836,
I'm so impressed with your dedication.,0.005849744,0.008144676,0.001749143,0.002066314,0.020733124,0.001746693,0.9597103,
How did you come up with that business idea?,0.035829999,0.006661129,0.014460734,0.008795479,0.333153456,0.00572481,0.595374346,
I can't believe I missed the deadline!,0.059421066,0.010024362,0.008715569,0.003917675,0.005984981,0.058743447,0.853192925,
You're really talented at this!,0.069661498,0.023158338,0.003034788,0.103738502,0.084593453,0.005664838,0.710148573,
Why did you decide to become a teacher?,0.084694542,0.015406562,0.12220078,0.013109881,0.381793559,0.016577352,0.366217315,
I can't believe I locked myself out.,0.17810522,0.044724688,0.105100922,0.006318781,0.010999833,0.073821209,0.580929339,
What's the most interesting documentary you've watched?,0.004991628,0.003899287,0.004954667,0.03245971,0.243715018,0.001780293,0.708199441,
I'm so proud of your hard work.,0.017818011,0.032015752,0.003702211,0.537142992,0.359428555,0.005182611,0.044709899,
How did you learn to dance?,0.013421727,0.012006387,0.030625775,0.006951961,0.635972321,0.008107664,0.292914152,
I can't believe I forgot our anniversary!,0.02912348,0.011175248,0.005642068,0.004873844,0.010597906,0.019227358,0.919360042,
What's your favorite type of movie?,0.019460112,0.015169996,0.005913092,0.119252898,0.623853266,0.004612134,0.211738527,
You're really nailing this!,0.198799282,0.060748499,0.00451842,0.049157061,0.0373675,0.005921244,0.64348805,
I'm so grateful for your advice.,0.006944026,0.00190036,0.001090938,0.838825345,0.037044406,0.007580949,0.106613979,
Why did you choose that major?,0.080403104,0.016567981,0.022791645,0.002653987,0.249647215,0.005704917,0.622231126,
I can't believe I slept through my alarm!,0.045260988,0.009865597,0.025919857,0.004421824,0.007525963,0.009015649,0.897990108,
What's the most challenging puzzle you've solved?,0.021389579,0.005985762,0.011441837,0.009757143,0.521319747,0.00355193,0.426554024,
I'm so impressed with your creativity.,0.00522335,0.00534852,0.001842003,0.002738783,0.02112099,0.001621276,0.962105095,
How did you come up with that invention?,0.027725112,0.00661991,0.007296436,0.003754707,0.163117945,0.004411718,0.787074149,
I can't believe I won the lottery!,0.011049218,0.001218221,0.002618495,0.029145923,0.00409052,0.003093052,0.94878459,
Why did you choose that color for your car?,0.048749417,0.016215611,0.01306622,0.002535616,0.669512212,0.00655934,0.243361592,
I can't believe I forgot to water the plants!,0.046333078,0.025695607,0.009473844,0.005232796,0.012386579,0.020336181,0.88054198,
What's the most challenging project you've worked on?,0.011169535,0.005925347,0.015247139,0.016879927,0.377658546,0.003475759,0.569643736,
I'm so excited for your new job.,0.001505489,0.000481842,0.001339679,0.94587034,0.009724427,0.001934163,0.039144073,
How did you learn to play the drums?,0.017747339,0.018095611,0.017186126,0.005257347,0.726408362,0.008407773,0.206897527,
I can't believe I finished the puzzle!,0.016023537,0.002852674,0.0037864,0.016707284,0.003844519,0.003536167,0.953249395,
What's your favorite type of technology?,0.016810743,0.011027882,0.003292085,0.032266114,0.791131973,0.003129268,0.142341927,
You're really excelling at this!,0.082084924,0.020896915,0.002617312,0.209112093,0.149578989,0.005906158,0.529803634,
I'm so grateful for your friendship.,0.008565329,0.002430743,0.000911061,0.835811675,0.034724608,0.008097967,0.10945861,
Why did you decide to run a marathon?,0.030752007,0.005394798,0.041191861,0.011220818,0.451972216,0.013314426,0.446153849,
I can't believe I lost my passport!,0.080195531,0.014386361,0.014141979,0.003090223,0.006833612,0.142564386,0.73878783,
What's the most challenging class you've taken?,0.0126636,0.006340341,0.010147346,0.015375577,0.613567173,0.00279519,0.339110851,
I'm so impressed with your leadership.,0.005165847,0.007779659,0.001934309,0.002010275,0.020811884,0.001699285,0.960598707,
How did you come up with that marketing strategy?,0.031261109,0.007229638,0.011533863,0.004031059,0.350652933,0.005081363,0.590210021,
I can't believe I got the promotion!,0.015650406,0.002367844,0.002703843,0.015447876,0.00366797,0.003468664,0.956693351,
What's your favorite type of exercise?,0.016388861,0.0142034,0.005047757,0.036011409,0.819895923,0.004475468,0.103977151,
I'm so proud of your dedication.,0.021060392,0.038505692,0.003745709,0.45535332,0.385375023,0.00584416,0.090115726,
Why did you choose that hairstyle?,0.059402622,0.015996927,0.014158844,0.002454697,0.48003155,0.005512766,0.422442555,
I can't believe I missed the flight!,0.02549452,0.009384316,0.017902909,0.003757318,0.012399628,0.404820263,0.526241064,
What's the most challenging language to learn?,0.015256723,0.007173683,0.029495709,0.014859468,0.63139683,0.002837278,0.298980445,
I'm so excited for your wedding.,0.001391936,0.000495465,0.001116008,0.937115669,0.008871675,0.002921919,0.048087269,
How did you learn to skateboard?,0.016925409,0.014096571,0.100392304,0.009730868,0.65713346,0.012680465,0.189040914,
I can't believe I forgot to buy groceries!,0.036441449,0.015285618,0.007855923,0.004628914,0.01119259,0.024113491,0.900482059,
What's your favorite type of car?,0.018132955,0.012079461,0.003953521,0.037684929,0.772045493,0.003540459,0.15256314,
You're really succeeding at this!,0.154461831,0.030658213,0.003210172,0.109863505,0.099570595,0.005861188,0.596374571,
I'm so grateful for your kindness.,0.013092806,0.003498359,0.001130486,0.773648202,0.049179193,0.007842375,0.151608661,
Why did you decide to write a book?,0.090823598,0.013327224,0.122003101,0.019231187,0.369034767,0.016315788,0.369264364,
I can't believe I locked my keys in the car!,0.089097708,0.018341471,0.021358412,0.005761783,0.005461756,0.012752431,0.847226501,
What's the most challenging instrument to play?,0.013371235,0.006831984,0.017485548,0.020536656,0.541933656,0.002852418,0.396988511,
I'm so impressed with your innovation.,0.004602002,0.005133007,0.001731281,0.002503557,0.01837014,0.001542296,0.96611774,
How did you come up with that app idea?,0.027105011,0.004999113,0.009477065,0.010142825,0.39236322,0.00495332,0.550959468,
I can't believe I won the competition!,0.010258037,0.001264374,0.002514809,0.037158385,0.003585221,0.003060729,0.94215852,
Why did you choose that destination for your vacation?,0.032195676,0.007010897,0.019863708,0.005689617,0.740547776,0.007106316,0.187586099,
I can't believe I forgot to call my parents!,0.029026639,0.011775768,0.008770914,0.004188539,0.011300032,0.022631994,0.91230607,
What's the most challenging sport you've played?,0.010649494,0.007359989,0.01407646,0.017656453,0.47889623,0.00384763,0.46751377,
I'm so excited for your graduation.,0.001639995,0.000507837,0.001378405,0.915104389,0.012293775,0.002580865,0.066494785,
How did you learn to juggle?,0.034957226,0.014492131,0.034703065,0.00549876,0.5858621,0.005621752,0.318865001,
What's your favorite type of pet?,0.016888971,0.019470414,0.002657091,0.037403639,0.850345373,0.003123729,0.070110805,
I'm so grateful for your guidance.,0.0051804,0.001445774,0.001031728,0.872891545,0.030014921,0.007223321,0.082212292,
Why did you decide to start a YouTube channel?,0.05722319,0.005845045,0.042507187,0.017544435,0.384192586,0.007361444,0.485326022,
I can't believe I left my wallet at home!,0.047182675,0.011143114,0.008654093,0.006047223,0.00450969,0.007179734,0.915283501,
What's the most challenging hike you've done?,0.00923062,0.0070248,0.01967812,0.017714374,0.396398216,0.003921433,0.546032369,
I'm so impressed with your determination.,0.005201841,0.00678757,0.00217977,0.002833419,0.023129515,0.001523533,0.9583444,
I can't believe I aced that interview!,0.0552697,0.021981014,0.010512664,0.006813707,0.00968775,0.011683127,0.884052038,
What's your favorite type of video game?,0.023965549,0.014109685,0.003612415,0.101863243,0.639324069,0.004058614,0.213066474,
Why did you choose that field of study?,0.039074536,0.009423637,0.026360493,0.006035996,0.591607809,0.005794194,0.321703345,
What's the most challenging coding problem you've solved?,0.02025146,0.007532415,0.014287592,0.00917564,0.465440333,0.003484389,0.479828209,
I'm so excited for your new project.,0.001040705,0.000441825,0.001118769,0.962495565,0.007950932,0.00174736,0.025204783,
How did you learn to play the violin?,0.013689645,0.010404821,0.031634349,0.006574159,0.660771787,0.011089805,0.265835404,
What's your favorite type of board game?,0.020197563,0.013868446,0.004361843,0.095066331,0.708134353,0.003801101,0.154570356,
You're really mastering this!,0.10305047,0.032358356,0.004773062,0.104435436,0.100154757,0.006585274,0.648642659,
I can't believe I won the contest!,0.010449419,0.001343135,0.002219699,0.043412939,0.004040736,0.003030816,0.935503244,
Why did you choose that color for your room?,0.059233721,0.023087328,0.013880457,0.002274252,0.60222584,0.006853605,0.292444825,
I can't believe I forgot to charge my phone!,0.040491987,0.016535666,0.008897439,0.004166917,0.010617976,0.022538723,0.896751285,
What's the most challenging task you've completed?,0.015333256,0.009602097,0.009497788,0.010842045,0.500908732,0.003480335,0.450335741,
I'm so excited for your upcoming event.,0.001419771,0.00054198,0.001502308,0.949196756,0.013675917,0.001761502,0.031901821,
How did you learn to play the guitar?,0.016792126,0.017650731,0.034793489,0.005885516,0.679748178,0.010352899,0.234777033,
I can't believe I finished the book!,0.016504219,0.003283215,0.004107341,0.019151121,0.003751923,0.003200838,0.950001359,
You're really excelling in this!,0.064975783,0.016626302,0.002349069,0.283244908,0.146030888,0.005959998,0.480813056,
I'm so grateful for your encouragement.,0.005300567,0.001551957,0.000867531,0.906114817,0.02195215,0.005997246,0.058215689,
Why did you decide to pursue that hobby?,0.04884943,0.009490694,0.071292616,0.016559891,0.547013879,0.01871454,0.288078874,
I can't believe I missed the concert!,0.013825461,0.007135895,0.009073012,0.003740152,0.008090367,0.730207384,0.227927759,
What's the most challenging problem you've solved at work?,0.023003386,0.008011983,0.020067794,0.006603427,0.554370821,0.004033475,0.383909076,
How did you come up with that business plan?,0.036345039,0.006826277,0.015560573,0.003959994,0.312564373,0.007058258,0.617685497,
I can't believe I aced the exam!,0.065884769,0.011865896,0.021231415,0.015324267,0.007765753,0.01165413,0.866273761,
What's your favorite type of food?,0.012987468,0.015662577,0.00313786,0.047768343,0.832046986,0.00341353,0.084983148,
Did you catch the game last night? It was unbelievable!,0.005558007,0.002137923,0.003713603,0.009039797,0.013444893,0.001508957,0.964596868,
"Hey, how's the family doing?",0.134568587,0.074198253,0.009503302,0.200560153,0.276005089,0.088037543,0.217127055,
I can't believe I forgot my keys again! Where did I put them?,0.037262674,0.017237013,0.013441922,0.002945777,0.011379315,0.029984102,0.887749255,
What's your take on the new policy at work?,0.021689255,0.010634535,0.007192976,0.003099573,0.862853587,0.004137707,0.090392344,
Have you ever been on a road trip? The freedom of the open road is incredible!,0.006762343,0.00371901,0.027640594,0.100903571,0.07901074,0.002326118,0.779637635,
"Whoa, that movie had the most unexpected plot twist!",0.007433337,0.00305547,0.005196379,0.046624992,0.01101453,0.002484912,0.924190402,
How's work treating you lately?,0.012356022,0.033476572,0.013159537,0.003409548,0.700639904,0.086888321,0.150070027,
I'm so excited for the weekend! Any plans?,0.003081799,0.000570229,0.001288152,0.902945042,0.014130992,0.002871975,0.075111747,
What do you think about the current political situation?,0.090031736,0.07475733,0.024559682,0.004535562,0.74672097,0.012476562,0.046918113,
I just finished reading this amazing book. Have you read anything interesting lately?,0.004939721,0.003250737,0.003950281,0.410644501,0.118381962,0.006013334,0.452819437,
Guess what? I got the promotion!,0.260002315,0.024783088,0.005375319,0.193318263,0.048843026,0.008275038,0.459402859,
Do you think it's going to rain later?,0.027038088,0.026131973,0.013222618,0.018193906,0.652222276,0.043202672,0.21998848,
I can't believe I aced that exam! Hard work pays off.,0.050997443,0.008678837,0.022896897,0.013101483,0.011677425,0.023700852,0.868947029,
What's your favorite type of music? I'm into jazz lately.,0.009254219,0.0132814,0.006814704,0.108457461,0.646433234,0.0141711,0.201587856,
I've been thinking about starting a new hobby. Any suggestions?,0.008664229,0.006378733,0.040602546,0.692137599,0.154442742,0.039345093,0.058428969,
Isn't technology advancing at an incredible pace?,0.021668781,0.020513501,0.006178521,0.001493509,0.115589485,0.003421986,0.83113426,
Did you hear about the new restaurant downtown? We should check it out.,0.00883178,0.00505238,0.003538768,0.086804323,0.509681821,0.007124338,0.3789666,
I'm feeling a bit overwhelmed with work. Any advice on managing stress?,0.009547825,0.002269546,0.162934005,0.002809549,0.004978,0.002078254,0.815382838,
"Wow, the view from here is breathtaking!",0.00763352,0.004278865,0.008082314,0.048994988,0.022917034,0.004276345,0.903816938,
How's your day shaping up so far?,0.009796211,0.006914087,0.010511942,0.008730386,0.869634986,0.012565702,0.081846632,
Have you ever traveled abroad? Where's the best place you've visited?,0.007220347,0.004654545,0.004582279,0.025602739,0.320043564,0.007614361,0.630282164,
The traffic today was insane! I was stuck for hours.,0.130383939,0.262002915,0.041696772,0.004224773,0.027784806,0.023048313,0.510858476,
What's the most memorable meal you've ever had?,0.005945615,0.002907782,0.00401951,0.097492777,0.374089509,0.003701202,0.511843622,
I can't believe it's already Friday. The week flew by!,0.007285518,0.002314136,0.002180368,0.00362864,0.004904196,0.00305778,0.976629317,
What's your go-to workout routine?,0.015619907,0.007058804,0.012186521,0.007371748,0.831851065,0.006620476,0.119291455,
Did you see that viral video everyone's talking about?,0.036675442,0.0341109,0.005298545,0.02042078,0.10057722,0.006247927,0.796669185,
I just finished binge-watching a new series. Got any recommendations?,0.00961774,0.004446021,0.002475684,0.073574603,0.66282177,0.018757133,0.228307039,
Have you ever tried cooking a new recipe and nailed it?,0.018349571,0.01181483,0.0057742,0.015207159,0.769418895,0.008425452,0.171009853,
"The weather is so unpredictable lately, don't you think?",0.053080801,0.049813911,0.222489446,0.007833299,0.362349391,0.012775956,0.291657209,
I need a break. Let's grab a coffee.,0.018861433,0.044809755,0.006143443,0.064134404,0.649727762,0.21018289,0.00614033,
How do you stay motivated at work?,0.043219499,0.012559999,0.023030244,0.003998577,0.84371382,0.018652314,0.054825556,
The concert last night was epic! The energy was unreal.,0.013773044,0.004499227,0.011503629,0.333885223,0.040580355,0.006651084,0.589107394,
What's the best piece of advice you've ever received?,0.011397655,0.004475395,0.004002701,0.043161489,0.346207261,0.002628204,0.588127315,
I'm thinking of buying a new car. Any suggestions?,0.004369045,0.002676133,0.008955802,0.880795479,0.042494807,0.038106143,0.022602631,
Have you ever been to a live comedy show? They're a riot!,0.437662035,0.298076898,0.011903314,0.024335669,0.052917145,0.005976425,0.169128567,
I'm exhausted. Long day at the office.,0.004294293,0.008645362,0.005351188,0.001269173,0.023786655,0.947651029,0.00900222,
Do you believe in aliens?,0.243334323,0.164063767,0.058366168,0.00985094,0.257518083,0.016313693,0.250553012,
I can't believe summer is almost over. Time flies.,0.010929194,0.002946064,0.010612438,0.005611089,0.010571316,0.008566234,0.950763702,
How's the new project at work coming along?,0.00798823,0.004451239,0.004954081,0.004599531,0.756614208,0.007166076,0.214226589,
Did you catch the latest episode of that TV series?,0.004478274,0.003872058,0.001778403,0.020881839,0.707734942,0.009418779,0.251835763,
What's your opinion on social media? Love it or hate it?,0.45411855,0.171162829,0.008573596,0.008256535,0.309398949,0.016037095,0.032452375,
I just got a new pet. It's adorable!,0.003640465,0.003717246,0.000450329,0.949287832,0.01933587,0.003737478,0.019830769,
The gym was packed today. New Year resolutions in full swing.,0.011415843,0.004195893,0.00163673,0.286697298,0.22450687,0.037458114,0.434089214,
Have you ever met a celebrity? What was it like?,0.009659762,0.010535877,0.017554531,0.017366564,0.101633005,0.002228016,0.841022253,
I'm craving some comfort food. Pizza or burgers?,0.004509979,0.050711289,0.003262934,0.226711899,0.662386894,0.018138502,0.034278493,
The commute to work is getting to me. Thinking of carpooling.,0.013388728,0.033123098,0.227945402,0.024896819,0.515228093,0.073741689,0.111676179,
I tried meditating for the first time. It's harder than it looks!,0.080902331,0.38356328,0.061039615,0.010274624,0.04186834,0.135035679,0.287316144,
How's your latest project outside of work going?,0.010292336,0.011149921,0.017935807,0.004868656,0.754602194,0.021484831,0.179666191,
I need a vacation. Any dream destinations on your mind?,0.017025527,0.00699366,0.110895112,0.035374146,0.305269003,0.421831846,0.102610655,
The concert tickets sold out in minutes. Missed my chance.,0.019017132,0.005562969,0.000907972,0.001585381,0.018056132,0.944582641,0.010287791,
How do you handle stress? I need some tips.,0.048558109,0.035051044,0.042507045,0.004152297,0.805702686,0.046420388,0.017608477,
I just finished a DIY home project. Feels good to be handy.,0.001392856,0.002101452,0.000384426,0.938094735,0.045705423,0.002967781,0.009353446,
The new phone is out. Should I upgrade or wait for the next one?,0.013059106,0.018585213,0.038031876,0.01264921,0.765384316,0.062449202,0.089841105,
Did you hear that podcast about [topic]? It was eye-opening.,0.004780806,0.016423004,0.011882513,0.149121806,0.152636126,0.004972383,0.66018337,
I've been binge-reading novels lately. Can't put them down.,0.05174683,0.072829396,0.006220124,0.02227802,0.333003849,0.295422137,0.218499675,
How do you balance work and personal life?,0.057475962,0.059940446,0.116391711,0.004743801,0.608007073,0.129739195,0.023701798,
I bumped into an old friend today. It was great catching up.,0.000793536,0.000865895,0.000546344,0.975649834,0.008889761,0.003673765,0.009580838,
I can't believe I lost my wallet. Retracing my steps now.,0.045742836,0.015049029,0.035265755,0.00306108,0.013981362,0.180885792,0.706014216,
The traffic lights are always against me. I hit every red.,0.268620908,0.015274121,0.661444366,0.001754241,0.019728219,0.021521114,0.011657036,
What's your favorite type of cuisine? Italian or Mexican?,0.00541485,0.008736569,0.002932443,0.015174226,0.929382861,0.002274669,0.036084387,
I finally finished that DIY furniture project. Proud of the result.,0.00332436,0.002781559,0.000325218,0.964622617,0.016507052,0.001482556,0.010956602,
I'm thinking of getting a pet. Dog or cat?,0.032152493,0.055597134,0.097368218,0.454071969,0.283026069,0.034817599,0.042966548,
Have you ever been to a music festival? The atmosphere is amazing.,0.003526346,0.010482006,0.016718516,0.372297853,0.067054287,0.004460687,0.525460303,
"The Wi-Fi went out, and I felt lost without the internet.",0.00442177,0.012618075,0.05340248,0.001144044,0.016059762,0.890316665,0.022037286,
What's the last thing you learned that surprised you?,0.004656957,0.001618607,0.001548995,0.002958591,0.007547562,0.001093472,0.98057574,
I accidentally sent a text to the wrong person. Embarrassing!,0.015023953,0.970180452,0.003050103,0.000602628,0.00406795,0.005092761,0.001982077,
The weather forecast was way off today. Got caught in the rain.,0.02733101,0.008454718,0.029941576,0.003214147,0.069137864,0.816910565,0.045010064,
I need a change of scenery. Planning a spontaneous trip.,0.013289143,0.008206978,0.002610656,0.308957994,0.616177082,0.01106056,0.03969758,
What's your favorite season? I love the colors of autumn.,0.004940928,0.007369077,0.00095072,0.745616615,0.203961045,0.010681666,0.026479915,
I can't believe I met my favorite author in person. Still in shock.,0.003876985,0.001853178,0.014621947,0.003866275,0.003173641,0.001246876,0.971361041,
Did you see that new documentary everyone's talking about?,0.021438552,0.026159555,0.005601775,0.029433245,0.103443503,0.006912293,0.807011068,
I just joined a book club. Excited to discuss literature.,0.005558021,0.001581513,0.013720949,0.889054894,0.017607186,0.003279772,0.069197714,
How do you handle disagreements with colleagues at work?,0.524993181,0.132561773,0.06919422,0.001967408,0.230131403,0.032176509,0.008975472,
"I tried a new recipe, and it turned out to be a disaster.",0.100493282,0.193790823,0.024294395,0.010885236,0.06598337,0.402433306,0.202119574,
I need a new hobby. Any recommendations?,0.014174508,0.013999375,0.018302733,0.038756087,0.512213051,0.217912421,0.184641838,
Have you ever been to a surprise party? I was completely shocked.,0.003605597,0.001327382,0.002990277,0.003067225,0.004971097,0.001040167,0.982998252,
The traffic today was a nightmare. Stuck for hours.,0.027626993,0.101782963,0.707561493,0.001521197,0.072364464,0.07494159,0.014201313,
I finally finished that book series. The ending was unexpected.,0.004130451,0.001144993,0.002431209,0.363943875,0.035462964,0.007726004,0.585160553,
What's your favorite way to unwind after a long day?,0.004643152,0.009403119,0.002777324,0.061089482,0.860811114,0.019337101,0.041938681,
I can't believe I missed the last train. Uber it is.,0.015786748,0.006348758,0.017081052,0.002934708,0.015192279,0.031337433,0.911319077,
How's your side project coming along?,0.010847602,0.005058302,0.007076336,0.005674115,0.707324564,0.008319271,0.255699843,
I just bought a new gadget. It's a game-changer!,0.030274117,0.005965948,0.002118587,0.470394224,0.12778604,0.006201671,0.357259452,
The line at the grocery store was ridiculously long. Patience tested.,0.021197198,0.170946181,0.005803111,0.004180367,0.677556336,0.018723566,0.101593271,
"Have you ever tried a extreme sport? Skydiving, perhaps?",0.030871399,0.045756534,0.134804517,0.02957833,0.594796181,0.024831375,0.139361709,
I need a vacation. Beach or mountains?,0.014878121,0.01512308,0.018974314,0.034141745,0.495475292,0.370155156,0.051252257,
I can't believe I slept through my alarm. Late for work!,0.045907002,0.007966666,0.030871753,0.003736303,0.011439415,0.026946032,0.873132825,
What's the most challenging thing you've ever accomplished?,0.011404642,0.004153114,0.008737998,0.013776724,0.161863983,0.002085884,0.797977686,
I just finished a jigsaw puzzle. Took way longer than expected.,0.009911891,0.007443467,0.005555707,0.015672816,0.473066121,0.075608723,0.412741214,
The new coffee shop downtown has the best brew. Highly recommend.,0.005858454,0.023418115,0.003470996,0.429522991,0.471126705,0.005939142,0.060663655,
How do you stay organized with your schedule?,0.037624992,0.016101144,0.01774792,0.002300951,0.817612827,0.023177352,0.08543469,
I'm thinking of starting a podcast. Any tips on getting started?,0.018526487,0.010710239,0.113100462,0.394520372,0.367955238,0.025637593,0.069549598,
I can't believe I ran into my high school crush. Awkward!,0.008837895,0.511376441,0.120075032,0.040615205,0.01706857,0.178742141,0.12328475,
What's your favorite type of workout? Cardio or strength training?,0.014737478,0.014440664,0.003906766,0.027034136,0.862067819,0.003806091,0.074007049,
"I tried a new restaurant, and the food was out of this world.",0.008062221,0.04129355,0.003545377,0.016806791,0.052714922,0.040417928,0.837159216,
The commute to work is draining. Thinking of carpooling.,0.019104471,0.08724051,0.011740008,0.001984373,0.024797618,0.848473668,0.006659345,
Have you ever been in a situation where you had to improvise?,0.02220563,0.032029185,0.193848491,0.015595692,0.328744829,0.010022918,0.397553295,
Did you see the sunrise this morning? Absolutely stunning.,0.010417967,0.006550265,0.029082591,0.047424458,0.085237511,0.006658482,0.81462872,
"I'm thinking of taking up photography. Capture the moment, you know?",0.047684498,0.021474108,0.159048989,0.509996891,0.195273727,0.015340769,0.051181048,
What's your guilty pleasure TV show?,0.025244592,0.009688563,0.006869745,0.066011399,0.56311518,0.008198792,0.320871711,
I just finished a marathon of my favorite show. Now what?,0.054962099,0.012682696,0.004257964,0.11184074,0.118902497,0.008432851,0.688921094,
The presentation at work went well. Nailed it!,0.154435918,0.032958221,0.001802099,0.324121803,0.448844135,0.005384209,0.032453556,
I'm planning a surprise for my partner. Any ideas?,0.006782243,0.001031567,0.003315046,0.194163412,0.046063185,0.005207149,0.743437409,
Have you ever been to a live comedy show? Hilarious!,0.001678451,0.002524502,0.000464656,0.980027139,0.007058992,0.002430511,0.005815729,
"I tried a new cuisine, and it blew my mind. So flavorful.",0.015185247,0.179855466,0.005955557,0.291424066,0.354153395,0.008354872,0.145071447,
The traffic jam was never-ending. Late for the meeting.,0.04701348,0.250680357,0.213409901,0.002584825,0.252392083,0.158076122,0.075843222,
What's the most valuable lesson you've learned in life so far?,0.017219488,0.006006694,0.006342991,0.029907295,0.676296353,0.002859353,0.261367857,
I just adopted a plant. Hope I can keep it alive.,0.001934708,0.001407908,0.000714718,0.922431827,0.055508412,0.005365342,0.012637055,
I need a break. Let's grab lunch.,0.010520833,0.026885593,0.003841923,0.103852376,0.73296535,0.115825512,0.006108475,
"Did you hear that new song on the radio? Catchy, isn't it?",0.017781544,0.011815637,0.004424695,0.039329581,0.209277779,0.006661574,0.710709214,
I'm thinking of learning a new language. Which one should I pick?,0.0411033,0.027850199,0.409635991,0.20866102,0.20293653,0.055977654,0.053835262,
What's your favorite type of movie? Action or drama?,0.02093327,0.018623022,0.006110017,0.103654772,0.722480834,0.004194167,0.124003872,
I can't believe I locked myself out again. The spare key is a lifesaver.,0.034184352,0.008507734,0.024208279,0.005264,0.007689418,0.031473711,0.888672471,
"Have you ever had a paranormal experience? Ghost stories, anyone?",0.007529608,0.023316937,0.640592813,0.005092636,0.149889305,0.007552597,0.166026071,
I just finished a DIY home improvement project. Exhausted but satisfied.,0.002175562,0.001607726,0.000236007,0.980546057,0.006361541,0.003902982,0.005170222,
"The weather is so unpredictable these days. Climate change, huh?",0.052277144,0.051896773,0.2065842,0.006478726,0.558046222,0.011936687,0.112780251,
I need a weekend getaway. Beach or mountains?,0.00834806,0.006077848,0.007879848,0.033268806,0.848374963,0.034047436,0.062003031,
I just finished a puzzle. It was more challenging than I thought.,0.014961599,0.057071082,0.029695569,0.026866732,0.402739942,0.012974145,0.45569092,
The meeting ran longer than expected. I need a coffee break.,0.013776834,0.019110365,0.013081321,0.013204008,0.384170443,0.481832415,0.074824676,
I'm thinking of starting a blog. Any niche suggestions?,0.015657498,0.009418927,0.071601592,0.546794474,0.254740834,0.027114952,0.074671701,
Have you ever been on a spontaneous road trip? The best experiences!,0.016458744,0.002793418,0.00514412,0.345463365,0.122948036,0.004227993,0.502964318,
I just finished a fitness challenge. Feeling accomplished.,0.0013222,0.001330761,0.000268913,0.982363224,0.006801653,0.001581479,0.006331671,
The traffic today was unbearable. Stuck for hours.,0.038741495,0.634563565,0.033807684,0.00285563,0.055727601,0.228685796,0.005618196,
What's your favorite way to relax on the weekend?,0.011878662,0.007206715,0.001928019,0.361233354,0.564473629,0.011312747,0.041966766,
I can't believe I forgot my anniversary. Gift shopping in a hurry.,0.015707603,0.004850913,0.004696909,0.00487962,0.024549479,0.024495941,0.920819521,
Have you ever tried an escape room? The adrenaline rush is real.,0.085239552,0.010845928,0.173760861,0.216640055,0.275793254,0.011215879,0.22650449,
I just finished redecorating my room. Feels like a new space.,0.010464875,0.315050244,0.005734744,0.090797745,0.47571817,0.056409229,0.045824945,
The concert tickets sold out in minutes. Disappointed!,0.004833836,0.014145697,0.002207629,0.001609912,0.019547381,0.914909363,0.042746276,
I just got a new gadget. It's a game-changer!,0.038734756,0.011981777,0.002568585,0.326214284,0.151655644,0.007023172,0.461821765,
"Hey, how's it going?",0.234787747,0.087922499,0.012461987,0.12889342,0.172301739,0.049931642,0.313701004,
How's the family doing?,0.041862536,0.028094007,0.012287089,0.003547346,0.618717372,0.079793461,0.215698197,
How's the gym been treating you? I'm thinking of joining.,0.008665191,0.007998522,0.026546184,0.627694488,0.165107012,0.054430477,0.109558083,
That concert was mind-blowing! Have you ever seen a performance like that?,0.00611355,0.008319912,0.016647136,0.027917733,0.018843181,0.001633336,0.920525193,
Where did you get that shirt? It looks really stylish.,0.00692727,0.0105013,0.001356211,0.130981892,0.751540899,0.007225051,0.091467448,
I can't wait for the holidays. Any special plans in mind?,0.001533558,0.000654159,0.001099986,0.957444429,0.020035468,0.007031659,0.012200694,
How's the project coming along? Need any help?,0.044463728,0.018302307,0.115471542,0.00329592,0.466755807,0.183065593,0.168645158,
The traffic today was insane! Were you stuck in it too?,0.133213639,0.155039176,0.022289751,0.006627599,0.048335027,0.016135797,0.618359029,
I just tried a new recipe. It turned out better than I expected!,0.02372326,0.004300117,0.001345855,0.125627741,0.056095425,0.004854651,0.784052968,
Have you ever traveled abroad? Share your favorite experience.,0.010763352,0.009687941,0.005407185,0.055064987,0.809225798,0.004705437,0.105145283,
I'm feeling a bit under the weather. Got any home remedy suggestions?,0.004668817,0.00900149,0.060933195,0.005968993,0.032712061,0.883695364,0.0030201,
"The new company policy is a bit confusing, don't you think?",0.080263741,0.438240618,0.03276778,0.005179639,0.193461105,0.026552431,0.223534763,
Did you see the latest episode of that TV series? The suspense is killing me!,0.006352813,0.002981703,0.93902564,0.004475303,0.027820949,0.006012294,0.013331337,
How do you stay motivated at work? I could use some tips.,0.009798808,0.006358823,0.003085299,0.006637199,0.945902348,0.00924935,0.018968165,
This coffee is amazing! Where did you get it?,0.008036971,0.002848218,0.002564445,0.046727382,0.076751269,0.00215659,0.860915124,
"I can't believe it's already June. Time flies, doesn't it?",0.010434862,0.005926637,0.003317649,0.001876264,0.008634361,0.003283317,0.966526926,
What's your go-to workout routine? I need to change things up.,0.017024411,0.013687909,0.010882455,0.003982594,0.820100605,0.015058445,0.119263552,
That new art exhibit is getting great reviews. Let's check it out together.,0.008922597,0.00628796,0.001560507,0.408399999,0.500567257,0.004045867,0.070215814,
Ever had a random act of kindness happen to you? It made my day!,0.020824544,0.003866446,0.003220599,0.742946208,0.03930198,0.002468474,0.187371686,
I'm thinking of buying a new car. Any recommendations?,0.003848587,0.002248795,0.011230391,0.89631027,0.028401986,0.034889761,0.02307033,
The weather forecast is predicting snow. Are you a fan of winter sports?,0.011991243,0.01062308,0.011046534,0.061507709,0.75617224,0.074840494,0.073818699,
I finally finished that DIY project I was working on. Feels good to accomplish something.,0.001481412,0.001482319,0.000314608,0.968573749,0.017925225,0.00254358,0.00767914,
Did you see the sunrise this morning? It was spectacular!,0.009409114,0.00248691,0.010328837,0.091370776,0.048489615,0.005015893,0.832898915,
I heard a rumor about changes in the office. Have you heard anything?,0.02838297,0.050738756,0.111435965,0.013383891,0.43199876,0.013319311,0.350740343,
How do you handle disagreements with colleagues? I could use some advice.,0.074677788,0.067479044,0.030647106,0.003279319,0.761290073,0.055765662,0.006861141,
I just started learning a new language. It's challenging but fun!,0.001658037,0.001105862,0.000875771,0.983828545,0.006122541,0.001104771,0.005304459,
That new restaurant downtown has the best sushi. Have you tried it yet?,0.007699164,0.014621918,0.003198684,0.030504955,0.773405433,0.004662303,0.165907577,
I'm considering getting a pet. Any suggestions on the best breed for apartments?,0.008264134,0.012123359,0.164720803,0.571984172,0.141669169,0.047155198,0.054083124,
The new smartphone models are so advanced. Are you due for an upgrade?,0.011210408,0.006224455,0.003274538,0.015785486,0.420410961,0.010597835,0.532496274,
I stumbled upon a great podcast. Do you listen to any interesting ones?,0.004668371,0.003973559,0.003305929,0.055838428,0.675412953,0.00646298,0.25033772,
"The traffic lights are out, and it's chaos on the roads. Have you ever experienced that?",0.111534253,0.151144341,0.19778797,0.006288433,0.211681798,0.053714331,0.267848879,
I can't believe the year is almost over. Any resolutions for the new year?,0.009280261,0.003458599,0.008352557,0.003165572,0.007617171,0.007134577,0.960991263,
This song brings back so many memories. What's your all-time favorite song?,0.005386404,0.003719647,0.00322532,0.277160287,0.482189327,0.013475563,0.214843467,
Have you ever tried bungee jumping? It's on my bucket list.,0.007016032,0.004877972,0.004726939,0.009681365,0.848430872,0.008579023,0.11668779,
That new game is addictive! Have you played it yet?,0.019277675,0.009700391,0.001486011,0.394239247,0.337610275,0.008272089,0.229414329,
I need a vacation. Any suggestions for a relaxing getaway?,0.00562682,0.006490574,0.006643761,0.038786635,0.357242048,0.531118393,0.054091778,
The stock market has been unpredictable lately. What's your strategy?,0.034823526,0.008184683,0.169523135,0.00583995,0.677585423,0.005405893,0.098637328,
Did you see the lunar eclipse last night? It was mesmerizing.,0.002693742,0.006639294,0.025879201,0.620461166,0.13358359,0.010251054,0.200491965,
I can't believe I locked myself out of the house again. What a day!,0.131650493,0.041189283,0.024836931,0.005015872,0.006487106,0.040615857,0.750204504,
The weekend is almost here. Any exciting plans lined up?,0.005475979,0.001279633,0.005554755,0.613664329,0.152534321,0.006697597,0.214793339,
This traffic is driving me crazy. How do you cope with long commutes?,0.506850541,0.073902436,0.19565466,0.005515188,0.062636577,0.031195832,0.124244787,
I just finished a marathon. The sense of accomplishment is unreal!,0.013808627,0.006340998,0.00633008,0.026333611,0.017031169,0.006683914,0.92347157,
How do you stay organized with your busy schedule?,0.046188548,0.018927181,0.02484078,0.003090015,0.75247103,0.047767553,0.106714882,
The concert tickets sold out in minutes. Can you believe it?,0.012574248,0.003845515,0.001780821,0.006069024,0.010536214,0.002094274,0.963099897,
Ever tried skydiving? I'm considering it for an adrenaline rush.,0.01321901,0.008263305,0.107052878,0.668772519,0.133251354,0.013941979,0.055499025,
That new technology gadget is a game-changer. Have you checked it out?,0.017904244,0.007316689,0.006561602,0.047653407,0.488494724,0.002966339,0.429102957,
I'm attending a conference next week. Any tips for networking?,0.007408088,0.005394801,0.038029298,0.527503431,0.156909332,0.015095195,0.249659896,
The sunrise at the beach is pure magic. Have you witnessed it?,0.010485968,0.004745768,0.033691172,0.135556385,0.271787494,0.006410163,0.537323058,
I just got a new tattoo. Want to see it?,0.023073483,0.0163533,0.006293904,0.019409509,0.445405334,0.028424419,0.46104005,
I can't decide what movie to watch tonight. Any recommendations?,0.011511168,0.028761413,0.020734407,0.010330257,0.55963099,0.32787773,0.041154135,
The hiking trail was challenging but worth it for the view.,0.012754958,0.023729736,0.130463377,0.666218936,0.116380624,0.027374525,0.023077842,
Did you catch the latest TED Talk? It was thought-provoking.,0.011211632,0.006462715,0.005487035,0.168061852,0.211711496,0.004859544,0.592205703,
I'm thinking of adopting a healthier diet. Any favorite recipes?,0.006730214,0.016215963,0.007460699,0.457262129,0.446503252,0.036093134,0.029734567,
This coffee shop has the best cold brew. You should try it!,0.027618326,0.03278869,0.002305831,0.151683003,0.717608154,0.004835681,0.063160315,
The traffic jam is making me late. Can't catch a break today.,0.040340871,0.035379391,0.030389704,0.002698405,0.160633489,0.707700253,0.022857908,
I just started learning to play the guitar. It's harder than it looks!,0.073890232,0.262562811,0.02180429,0.006714317,0.04401705,0.063608818,0.52740252,
Did you hear that podcast about space exploration? Mind-blowing stuff.,0.005911446,0.008818633,0.009178654,0.05749229,0.079740606,0.002286672,0.836571693,
I'm planning a surprise party. Can you help with the arrangements?,0.006629879,0.000834946,0.002833235,0.282327801,0.036087833,0.005638789,0.665647507,
The new art gallery downtown is showcasing some incredible talent.,0.00880607,0.008499294,0.008888893,0.546248972,0.178504691,0.005222636,0.243829414,
Have you ever been to a comedy club? Laughter is the best medicine!,0.018853439,0.046516009,0.002325929,0.672833681,0.210015014,0.006483915,0.042971961,
The new fitness trend is all about functional training. Have you tried it?,0.007047081,0.008324418,0.003224171,0.00887254,0.917285621,0.005137758,0.050108366,
I'm redecorating my place. Any interior design tips?,0.056509562,0.402689308,0.019517515,0.004382439,0.358383089,0.126635104,0.031883057,
That movie was so intense. I couldn't look away for a second!,0.325266421,0.201526195,0.121453471,0.010886933,0.031337589,0.030737931,0.278791457,
I'm volunteering at the local animal shelter. It's rewarding.,0.000965714,0.005272984,0.000911212,0.985149026,0.003045239,0.003450208,0.001205683,
Have you ever been on a hot air balloon ride? It's on my wishlist.,0.005576564,0.004478407,0.007353719,0.051607907,0.538446665,0.015982287,0.376554489,
I just started a podcast. What topics do you think would be interesting?,0.018049989,0.005688501,0.008217393,0.078295581,0.654359162,0.005127074,0.230262324,
The weather forecast says it'll snow tomorrow. Ready for winter?,0.014632324,0.010346887,0.027009273,0.00984563,0.741505146,0.152713627,0.043947089,
I'm trying to cut down on caffeine. Any alternatives you recommend?,0.007203739,0.012790375,0.007595789,0.005970745,0.918265641,0.031605139,0.016568536,
That new restaurant has the best dessert menu. Let's try it together.,0.007532162,0.007310231,0.001588331,0.063375406,0.88937217,0.003443032,0.027378613,
I can't believe how fast technology is advancing. It's both exciting and scary.,0.003453686,0.003690891,0.878959835,0.012104348,0.012742977,0.001752421,0.087295964,
Did you see the latest documentary about environmental issues? Eye-opening.,0.008068523,0.048933417,0.008458991,0.147654906,0.20939976,0.013312303,0.564172089,
I'm going on a road trip. Any must-visit places along the way?,0.012888257,0.011208142,0.052945465,0.016080949,0.720047593,0.008489891,0.178339645,
The company's team-building exercises are always so much fun!,0.001404407,0.001141412,0.00041299,0.977573156,0.011886653,0.001592049,0.005989314,
I'm attending a cooking class. What's your signature dish?,0.012947515,0.015501359,0.021220803,0.08142139,0.360114187,0.003214286,0.505580485,
The latest fashion trends are interesting. Do you keep up with them?,0.006348462,0.006401019,0.003421314,0.007596188,0.665279567,0.005801324,0.305152118,
I just finished a book that left me speechless. Ever had that experience?,0.00853711,0.005357964,0.236819506,0.006100287,0.026430843,0.002768714,0.713985562,
I'm thinking of starting a blog. Any advice for a beginner?,0.016294612,0.014868195,0.504990995,0.160587445,0.236357942,0.026082164,0.040818729,
That new hiking trail is challenging but offers stunning views. Wanna join?,0.008108142,0.003405226,0.065594457,0.21675083,0.44522056,0.012072682,0.248848066,
The gym was packed today. New Year's resolutions in full swing!,0.024482615,0.003634276,0.002310991,0.32857123,0.082799457,0.027743284,0.530458152,
I just learned a magic trick. Want to see me perform it?,0.042930543,0.019830484,0.029600313,0.06912256,0.610367417,0.022656618,0.205492094,
"The traffic signals are out, and it's chaos. How do you navigate this?",0.252056122,0.247291207,0.069096833,0.002761367,0.31381017,0.042072229,0.072912127,
I'm considering a career change. Ever been through that process?,0.007061068,0.005709825,0.843141496,0.037157241,0.027637631,0.058325563,0.020967145,
This new gadget makes life so much easier. Have you tried it yet?,0.007971912,0.005000202,0.00222758,0.134737924,0.66765219,0.007229158,0.175181016,
"The concert tickets were expensive, but totally worth it. Incredible performance!",0.003968387,0.001666375,0.003379444,0.794945121,0.031761173,0.004928062,0.159351468,
I'm taking up painting. Any tips for a beginner artist?,0.016939746,0.019540088,0.200188234,0.070689395,0.625468016,0.016811484,0.050362986,
I just ran my first 5K. The feeling of accomplishment is surreal.,0.003664271,0.008403706,0.108589709,0.080787882,0.025209609,0.003625616,0.769719243,
Have you ever been to a wine tasting event? It's quite an experience.,0.00378177,0.031987686,0.023890145,0.383022875,0.098526523,0.005074611,0.453716278,
The city skyline at night is breathtaking. Have you seen it from this viewpoint?,0.008532072,0.003516323,0.833773553,0.009293824,0.042509992,0.005180879,0.09719339,
I'm planning a weekend getaway. Any recommendations for a quiet retreat?,0.005406055,0.005629002,0.012375287,0.274480313,0.415870994,0.252456963,0.033781372,
I can't believe how fast time flies. What's your secret to making the most of it?,0.01730785,0.00543363,0.00467096,0.003359801,0.014635259,0.002578612,0.952013969,
This new restaurant serves cuisine from around the world. Let's try it out.,0.006957956,0.009543489,0.004620639,0.163702711,0.758033454,0.003529221,0.053612649,
I just bought a new camera. Ready for a photography adventure?,0.015073328,0.003782512,0.007385252,0.106399499,0.671963632,0.009571208,0.185824618,
The new technology conference is coming up. Are you attending?,0.011722039,0.00506876,0.008379074,0.105732121,0.385784507,0.010768136,0.472545356,
I'm attempting a DIY home improvement project. Wish me luck!,0.003461107,0.001374486,0.023446552,0.832463086,0.067906439,0.027476469,0.043871924,
Did you see the latest superhero movie? The special effects were amazing.,0.007126242,0.005145752,0.003139327,0.16068238,0.106658362,0.005101334,0.71214664,
I'm learning to play chess. Any strategies you can share?,0.00832417,0.004891318,0.012855698,0.064466491,0.852630854,0.006993223,0.049838211,
The traffic is unbearable today. How do you stay patient in situations like this?,0.101326801,0.485106558,0.132178277,0.002031881,0.173339784,0.079169273,0.026847472,
I just finished a book that changed my perspective. Ever had that experience?,0.014876188,0.018241553,0.019146446,0.022883426,0.349280119,0.007753009,0.567819297,
I'm organizing a game night. Are you in?,0.027558187,0.010232197,0.041677121,0.04942628,0.592139125,0.0166838,0.262283266,
That new restaurant has a unique fusion menu. Let's check it out together.,0.00622266,0.005237417,0.002061431,0.073994689,0.869101882,0.003059479,0.040322453,
I'm thinking of joining a hiking club. Know of any good ones?,0.00842259,0.00714682,0.031764563,0.720533013,0.132010818,0.024117101,0.076005049,
The weather is perfect for a barbecue. Want to join us this weekend?,0.004458208,0.004253577,0.00173544,0.570798457,0.382034063,0.007502049,0.02921823,
I just watched a documentary about space exploration. Fascinating stuff.,0.009593445,0.444482684,0.019883428,0.375779182,0.086150587,0.00530117,0.058809519,
I'm starting a fitness challenge. Care to join and keep each other motivated?,0.043719579,0.005460931,0.069895267,0.089522682,0.684772909,0.014299467,0.092329115,
Have you ever tried rock climbing? It's an incredible workout.,0.011160295,0.01162413,0.046469498,0.180299371,0.2408133,0.015401922,0.494231552,
The new museum exhibit is getting rave reviews. Interested in going?,0.014249648,0.007989369,0.008510866,0.567169845,0.155172393,0.003623866,0.243284002,
I'm planning a camping trip. Know any great spots?,0.011583979,0.003295362,0.071118213,0.483646959,0.320668608,0.038228691,0.071458258,
Did you hear that podcast on personal development? It's inspiring.,0.004501985,0.0088856,0.006875174,0.391586393,0.09942317,0.004836076,0.483891577,
I'm attempting to cook a gourmet meal. Hope it turns out well!,0.001511673,0.000709015,0.000897175,0.95476532,0.027460529,0.002007424,0.012648933,
The traffic on Monday mornings is always a nightmare. How do you cope?,0.009051465,0.008909198,0.933250904,0.001076699,0.026512627,0.013173604,0.008025542,
I just finished a puzzle. It was more challenging than I expected!,0.040872712,0.021008072,0.014974314,0.077419542,0.040881611,0.009397403,0.795446396,
I'm considering getting a pet. Any advice on choosing the right one?,0.01002585,0.015260178,0.364649296,0.326550752,0.142246887,0.094382681,0.046884369,
The sunrise from my balcony is breathtaking. You should see it sometime.,0.04288746,0.013641989,0.072317123,0.479848057,0.182918295,0.022171382,0.186215624,
I'm attending a photography workshop. Excited to improve my skills.,0.002017688,0.000781679,0.020406371,0.966376841,0.00156848,0.00233368,0.006515285,
Did you see the latest technology gadget? It's a game-changer.,0.011839671,0.00733271,0.003577616,0.050712638,0.095437087,0.003340781,0.827759445,
I'm volunteering at a charity event this weekend. Care to join?,0.002823388,0.003039855,0.002574621,0.948613465,0.022867694,0.003411553,0.01666956,
I just started a book club. Interested in joining the discussions?,0.013110388,0.007589017,0.043377005,0.392631173,0.189462066,0.012680588,0.341149747,
The new hiking trail is quite rugged. Up for the challenge?,0.01895385,0.031306833,0.049744342,0.008637163,0.779421687,0.01782902,0.094107032,
I'm taking up gardening. Any tips for a novice gardener?,0.014336494,0.010117595,0.084198855,0.069551431,0.743556857,0.018976266,0.059262432,
Did you see the latest Marvel movie? The action scenes were epic.,0.009135691,0.007490415,0.00366164,0.162196457,0.43026039,0.011681526,0.375573933,
I'm thinking of organizing a weekend beach cleanup. Want to contribute?,0.035483129,0.022217425,0.028463434,0.293313146,0.536600769,0.041838787,0.042083293,
The city's food festival is coming up. We should try different cuisines.,0.011189059,0.019084141,0.022834916,0.119523592,0.764273286,0.013205131,0.049889818,
I just bought a telescope. Ready for some stargazing?,0.011254873,0.004005362,0.002885808,0.028113527,0.886559188,0.006218398,0.060962901,
I'm joining a language exchange program. Interested in learning together?,0.001768853,0.000675518,0.008055017,0.972679317,0.0031886,0.002420278,0.011212512,
The weekend getaway was refreshing. Have you been on one lately?,0.001539529,0.00243421,0.000702468,0.88603133,0.084651127,0.006351428,0.018289791,
I'm attending a mindfulness retreat. Need a break from the hustle.,0.004531247,0.008923439,0.010434463,0.003646178,0.035456076,0.932731986,0.004276616,
Did you see that documentary on artificial intelligence? It's mind-boggling.,0.017985821,0.085132159,0.016567869,0.004909978,0.031192141,0.003709215,0.840502799,
I'm considering a digital detox. How do you disconnect from screens?,0.013024491,0.019587174,0.786295831,0.011286134,0.086327501,0.067914188,0.015564688,
The traffic during rush hour is unbearable. How do you navigate it?,0.089194097,0.507335603,0.158322588,0.002644827,0.110485233,0.109344974,0.022672659,
I just finished a DIY home improvement project. Proud of the result!,0.004035407,0.002431478,0.000398872,0.972008705,0.009563123,0.001177297,0.010385163,
I'm planning a road trip. Any scenic routes you recommend?,0.018471751,0.005814604,0.233322412,0.432925105,0.227278471,0.033412162,0.048775468,
The new fitness trend is high-intensity interval training. Have you tried it?,0.006190764,0.008135234,0.005361028,0.003825908,0.914300144,0.00992259,0.052264217,
I'm taking a cooking class. Any favorite recipes you'd recommend?,0.00384158,0.003590204,0.008015963,0.801836848,0.142657444,0.006821309,0.033236608,
Did you see the latest series on streaming? It's binge-worthy.,0.008605615,0.00625303,0.001366127,0.229787976,0.571813941,0.006729664,0.175443649,
I'm joining a hiking group. Ready to explore some trails?,0.006035348,0.001017118,0.027952917,0.838462353,0.048588973,0.012994406,0.064948827,
The latest technology trends are intriguing. Do you keep up with them?,0.007213557,0.006691308,0.011944022,0.004490869,0.764796972,0.002633595,0.202229708,
I just completed a coding challenge. Feeling accomplished!,0.002896966,0.000993054,0.000497664,0.967388749,0.00671029,0.001275648,0.020237546,
I'm planning a weekend ski trip. Are you a fan of winter sports?,0.007592249,0.003195641,0.022337563,0.823643744,0.071871243,0.037931841,0.033427674,
Did you hear that podcast on mental health? It's important to talk about.,0.01021166,0.028657328,0.006694735,0.038964417,0.73126936,0.012527503,0.171674982,
I'm attending a wine tasting event. Interested in joining me?,0.002052861,0.001318112,0.005906868,0.958701134,0.002681746,0.003038715,0.02630052,
The city's art scene is vibrant. Let's explore some galleries.,0.003353391,0.009153664,0.001387086,0.648276091,0.323729813,0.004731599,0.009368308,
I just tried a new workout routine. It's challenging but effective.,0.00765074,0.022818223,0.008439453,0.276951462,0.628608525,0.014440209,0.041091327,
I'm organizing a game night. Can I count you in?,0.035584833,0.020314662,0.041079644,0.04100338,0.640907466,0.03215475,0.188955322,
Did you see the latest documentary on climate change? Eye-opening.,0.0059175,0.032136276,0.008274126,0.205625817,0.141557455,0.010395078,0.596093774,
I'm taking up kayaking. Any tips for a beginner?,0.014064728,0.013658366,0.435203195,0.036919378,0.443047523,0.020069452,0.037037402,
The traffic is a nightmare during festivals. How do you deal with it?,0.048337497,0.091963299,0.683543265,0.002433121,0.110369422,0.021070028,0.042283453,
I just finished a book that left me reflecting. Ever had that experience?,0.006982268,0.015603987,0.007907541,0.106880277,0.556865036,0.017982539,0.287778348,
I'm considering a career shift. Any advice on making the transition?,0.005940863,0.005731745,0.820838153,0.049984712,0.037553731,0.065591082,0.014359713,
The new restaurant has a unique fusion menu. Let's check it out.,0.005836267,0.005727634,0.001768006,0.102150001,0.843285918,0.002660458,0.038571667,
I'm planning a weekend camping trip. Know any scenic spots?,0.010602716,0.002792658,0.060263451,0.635655999,0.175727904,0.051475022,0.06348224,
Did you hear that podcast on self-improvement? It's motivating.,0.0198215,0.021686757,0.003572299,0.231425896,0.547294915,0.007586659,0.168611974,
I'm joining a photography club. Ready to capture some moments?,0.003719206,0.000876078,0.03929444,0.906672776,0.008191308,0.006342336,0.034903865,
I just watched a documentary on space exploration. Fascinating stuff.,0.009395202,0.402869642,0.021959366,0.405143917,0.08845228,0.00539208,0.066787586,
I'm starting a fitness challenge. Want to join and stay accountable?,0.069475539,0.005065772,0.318167955,0.039081033,0.441755623,0.028596733,0.097857364,
